ExpressId,GlobalId,IfcClass,Family,Type,Level,Material:Name,Material:Description,Material:Area,Material:Volume
207443,320Xe4F7TArOk3qvw5s12f,IfcSlab,Floor,Tile (1200mm x 600mm),First Floor,Tile,Flooring finished with 12mm thick ceramic tiles,1604.9374255555133,19.259249106666992
207628,320Xe4F7TArOk3qvw5s0Bl,IfcSlab,Floor,Tile (1200mm x 600mm),First Floor,Tile,Flooring finished with 12mm thick ceramic tiles,509.80576622224004,6.117669194667147
207742,3AL1L8IJLC7Rmg6c74N44K,IfcSlab,Floor,Tile (1200mm x 600mm),First Floor,Tile,Flooring finished with 12mm thick ceramic tiles,103.82557338703015,1.2459068806444165
207822,3AL1L8IJLC7Rmg6c74MwwR,IfcSlab,Floor,Tile (1200mm x 600mm),Ground Floor,Tile,Flooring finished with 12mm thick ceramic tiles,1430.0708211111087,17.160849853333282
208110,3AL1L8IJLC7Rmg6c74Mwqb,IfcSlab,Floor,Tile (1200mm x 600mm),Ground Floor,Tile,Flooring finished with 12mm thick ceramic tiles,701.1957564444509,8.41434907733339
208217,3AL1L8IJLC7Rmg6c74MwtW,IfcSlab,Floor,Tile (1200mm x 600mm),Ground Floor,Tile,Flooring finished with 12mm thick ceramic tiles,122.64368005369502,1.4717241606443396
208343,3ndJx5uTH1Kw82iITrjvFg,IfcWall,Basic Wall,W-Skirting (100mm),Ground Floor,Tile,Flooring finished with 12mm thick ceramic tiles,0.8026666666666744,0.00963199999999964
208415,3ndJx5uTH1Kw82iITrjvFc,IfcWall,Basic Wall,W-Skirting (100mm),Ground Floor,Tile,Flooring finished with 12mm thick ceramic tiles,1.2472666666666665,0.014967200000001998
208473,3ndJx5uTH1Kw82iITrjvFY,IfcWall,Basic Wall,W-Skirting (100mm),Ground Floor,Tile,Flooring finished with 12mm thick ceramic tiles,1.0390666666666581,0.012468800000001562
208531,3ndJx5uTH1Kw82iITrjvF_,IfcWall,Basic Wall,W-Skirting (100mm),Ground Floor,Tile,Flooring finished with 12mm thick ceramic tiles,1.2460666666666673,0.014952800000002006
208589,3ndJx5uTH1Kw82iITrjvFw,IfcWall,Basic Wall,W-Skirting (100mm),Ground Floor,Tile,Flooring finished with 12mm thick ceramic tiles,0.9176000000000033,0.01101120000000151
208647,3ndJx5uTH1Kw82iITrjvFs,IfcWall,Basic Wall,W-Skirting (100mm),Ground Floor,Tile,Flooring finished with 12mm thick ceramic tiles,1.3469333333333389,0.016163200000002223
208705,3ndJx5uTH1Kw82iITrjvFo,IfcWall,Basic Wall,W-Skirting (100mm),Ground Floor,Tile,Flooring finished with 12mm thick ceramic tiles,0.3316666666666636,0.003980000000000494
208763,3ndJx5uTH1Kw82iITrjvEE,IfcWall,Basic Wall,W-Skirting (100mm),Ground Floor,Tile,Flooring finished with 12mm thick ceramic tiles,1.346133333333339,0.01615360000000222
208821,3ndJx5uTH1Kw82iITrjvEA,IfcWall,Basic Wall,W-Skirting (100mm),Ground Floor,Tile,Flooring finished with 12mm thick ceramic tiles,0.9164000000000035,0.01099680000000052
208879,3ndJx5uTH1Kw82iITrjvE6,IfcWall,Basic Wall,W-Skirting (100mm),Ground Floor,Tile,Flooring finished with 12mm thick ceramic tiles,0.3294666666666715,0.003953600000000229
208937,3ndJx5uTH1Kw82iITrjvE2,IfcWall,Basic Wall,W-Skirting (100mm),Ground Floor,Tile,Flooring finished with 12mm thick ceramic tiles,0.3326666666666716,0.003992000000000173
208995,3ndJx5uTH1Kw82iITrjvEU,IfcWall,Basic Wall,W-Skirting (100mm),Ground Floor,Tile,Flooring finished with 12mm thick ceramic tiles,1.346133333333338,0.016153600000002214
209053,3ndJx5uTH1Kw82iITrjvEQ,IfcWall,Basic Wall,W-Skirting (100mm),Ground Floor,Tile,Flooring finished with 12mm thick ceramic tiles,0.3294666666666762,0.003953600000000286
209111,3ndJx5uTH1Kw82iITrjvEM,IfcWall,Basic Wall,W-Skirting (100mm),Ground Floor,Tile,Flooring finished with 12mm thick ceramic tiles,0.33266666666667644,0.00399200000000011
209169,3ndJx5uTH1Kw82iITrjvEI,IfcWall,Basic Wall,W-Skirting (100mm),Ground Floor,Tile,Flooring finished with 12mm thick ceramic tiles,1.3461333333333387,0.016153600000002218
209227,3ndJx5uTH1Kw82iITrjvEk,IfcWall,Basic Wall,W-Skirting (100mm),Ground Floor,Tile,Flooring finished with 12mm thick ceramic tiles,0.3284666666666804,0.003941600000000691
209285,3ndJx5uTH1Kw82iITrjvEg,IfcWall,Basic Wall,W-Skirting (100mm),Ground Floor,Tile,Flooring finished with 12mm thick ceramic tiles,0.9176000000000033,0.011011200000000351
209343,3ndJx5uTH1Kw82iITrjvEc,IfcWall,Basic Wall,W-Skirting (100mm),Ground Floor,Tile,Flooring finished with 12mm thick ceramic tiles,1.3469333333333382,0.016163200000002216
209401,3ndJx5uTH1Kw82iITrjvEY,IfcWall,Basic Wall,W-Skirting (100mm),Ground Floor,Tile,Flooring finished with 12mm thick ceramic tiles,0.9164000000000032,0.010996800000000516
209459,3ndJx5uTH1Kw82iITrjvE_,IfcWall,Basic Wall,W-Skirting (100mm),Ground Floor,Tile,Flooring finished with 12mm thick ceramic tiles,1.1093333333333384,0.01331199999999944
209517,3ndJx5uTH1Kw82iITrjvEw,IfcWall,Basic Wall,W-Skirting (100mm),Ground Floor,Tile,Flooring finished with 12mm thick ceramic tiles,0.9188000000000033,0.011025600000000023
209575,3ndJx5uTH1Kw82iITrjvEs,IfcWall,Basic Wall,W-Skirting (100mm),Ground Floor,Tile,Flooring finished with 12mm thick ceramic tiles,1.1093333333333384,0.013311999999999435
209633,3ndJx5uTH1Kw82iITrjvEo,IfcWall,Basic Wall,W-Skirting (100mm),Ground Floor,Tile,Flooring finished with 12mm thick ceramic tiles,1.3469333333333382,0.01616320000000222
209691,3ndJx5uTH1Kw82iITrjv9E,IfcWall,Basic Wall,W-Skirting (100mm),Ground Floor,Tile,Flooring finished with 12mm thick ceramic tiles,0.9164000000000032,0.010996800000001508
209749,3ndJx5uTH1Kw82iITrjv9A,IfcWall,Basic Wall,W-Skirting (100mm),Ground Floor,Tile,Flooring finished with 12mm thick ceramic tiles,1.1093333333333393,0.013311999999999448
209807,3ndJx5uTH1Kw82iITrjv96,IfcWall,Basic Wall,W-Skirting (100mm),Ground Floor,Tile,Flooring finished with 12mm thick ceramic tiles,1.247266666666683,0.014967200000002196
209865,3ndJx5uTH1Kw82iITrjv92,IfcWall,Basic Wall,W-Skirting (100mm),Ground Floor,Tile,Flooring finished with 12mm thick ceramic tiles,0.802666666666661,0.009631999999999481
209923,3ndJx5uTH1Kw82iITrjv9U,IfcWall,Basic Wall,W-Skirting (100mm),Ground Floor,Tile,Flooring finished with 12mm thick ceramic tiles,1.247266666666683,0.014967200000002196
209981,3ndJx5uTH1Kw82iITrjv9Q,IfcWall,Basic Wall,W-Skirting (100mm),Ground Floor,Tile,Flooring finished with 12mm thick ceramic tiles,1.0390666666666621,0.012468800000001614
210039,3ndJx5uTH1Kw82iITrjum1,IfcWall,Basic Wall,W-Skirting (100mm),Ground Floor,Tile,Flooring finished with 12mm thick ceramic tiles,0.33879999999999877,0.004065600000000162
210097,3ndJx5uTH1Kw82iITrjumT,IfcWall,Basic Wall,W-Skirting (100mm),Ground Floor,Tile,Flooring finished with 12mm thick ceramic tiles,0.4448999999999959,0.005338800000000663
210155,3ndJx5uTH1Kw82iITrjumP,IfcWall,Basic Wall,W-Skirting (100mm),Ground Floor,Tile,Flooring finished with 12mm thick ceramic tiles,0.45759999999999934,0.005491199999999982
210213,3ndJx5uTH1Kw82iITrjumL,IfcWall,Basic Wall,W-Skirting (100mm),Ground Floor,Tile,Flooring finished with 12mm thick ceramic tiles,0.32849999999999563,0.003942000000000474
210271,3ndJx5uTH1Kw82iITrjumH,IfcWall,Basic Wall,W-Skirting (100mm),Ground Floor,Tile,Flooring finished with 12mm thick ceramic tiles,0.14419999999999872,0.0017304000000002162
210329,3ndJx5uTH1Kw82iITrjumi,IfcWall,Basic Wall,W-Skirting (100mm),Ground Floor,Tile,Flooring finished with 12mm thick ceramic tiles,0.3272999999999955,0.00392760000000047
210387,3ndJx5uTH1Kw82iITrjumb,IfcWall,Basic Wall,W-Skirting (100mm),Ground Floor,Tile,Flooring finished with 12mm thick ceramic tiles,0.4959999999999999,0.005952000000000256
210445,3ndJx5uTH1Kw82iITrjumX,IfcWall,Basic Wall,W-Skirting (100mm),Ground Floor,Tile,Flooring finished with 12mm thick ceramic tiles,0.447299999999996,0.005367599999999539
210503,3ndJx5uTH1Kw82iITrjumz,IfcWall,Basic Wall,W-Skirting (100mm),Ground Floor,Tile,Flooring finished with 12mm thick ceramic tiles,0.7335999999999998,0.008803199999999983
210561,3ndJx5uTH1Kw82iITrjupK,IfcWall,Basic Wall,W-Skirting (100mm),Ground Floor,Tile,Flooring finished with 12mm thick ceramic tiles,0.3042666666666664,0.0036512000000001547
210619,3ndJx5uTH1Kw82iITrjupG,IfcWall,Basic Wall,W-Skirting (100mm),Ground Floor,Tile,Flooring finished with 12mm thick ceramic tiles,0.36439999999999717,0.00437279999999976
210677,3ndJx5uTH1Kw82iITrjupi,IfcWall,Basic Wall,W-Skirting (100mm),Ground Floor,Tile,Flooring finished with 12mm thick ceramic tiles,0.36439999999999706,0.004372799999999759
210735,3ndJx5uTH1Kw82iITrjupe,IfcWall,Basic Wall,W-Skirting (100mm),Ground Floor,Tile,Flooring finished with 12mm thick ceramic tiles,0.21426666666666586,0.0025712000000001015
210793,3ndJx5uTH1Kw82iITrjupa,IfcWall,Basic Wall,W-Skirting (100mm),Ground Floor,Tile,Flooring finished with 12mm thick ceramic tiles,0.2154666666666658,0.0025855999999999844
210851,3ndJx5uTH1Kw82iITrjupW,IfcWall,Basic Wall,W-Skirting (100mm),Ground Floor,Tile,Flooring finished with 12mm thick ceramic tiles,0.21873333333333486,0.0026247999999998947
210909,3ndJx5uTH1Kw82iITrjupy,IfcWall,Basic Wall,W-Skirting (100mm),Ground Floor,Tile,Flooring finished with 12mm thick ceramic tiles,0.30306666666666626,0.003636799999999988
210967,3ndJx5uTH1Kw82iITrjupu,IfcWall,Basic Wall,W-Skirting (100mm),Ground Floor,Tile,Flooring finished with 12mm thick ceramic tiles,0.2187333333333347,0.002624799999999893
211025,3ndJx5uTH1Kw82iITrjupq,IfcWall,Basic Wall,W-Skirting (100mm),Ground Floor,Tile,Flooring finished with 12mm thick ceramic tiles,0.7359999999999998,0.008831999999999982
211083,3ndJx5uTH1Kw82iITrjupm,IfcWall,Basic Wall,W-Skirting (100mm),Ground Floor,Tile,Flooring finished with 12mm thick ceramic tiles,0.06213333333333576,0.000745599999999994
211141,3ndJx5uTH1Kw82iITrjuoC,IfcWall,Basic Wall,W-Skirting (100mm),Ground Floor,Tile,Flooring finished with 12mm thick ceramic tiles,0.0621333333333351,0.0007456000000001207
211199,3ndJx5uTH1Kw82iITrjuyW,IfcWall,Basic Wall,W-Skirting (100mm),Ground Floor,Tile,Flooring finished with 12mm thick ceramic tiles,0.7347999999999998,0.008817599999999983
211257,3ndJx5uTH1Kw82iITrjuyw,IfcWall,Basic Wall,W-Skirting (100mm),Ground Floor,Tile,Flooring finished with 12mm thick ceramic tiles,0.612133333333332,0.007345599999999638
211315,3ndJx5uTH1Kw82iITrjuys,IfcWall,Basic Wall,W-Skirting (100mm),Ground Floor,Tile,Flooring finished with 12mm thick ceramic tiles,0.7988000000000007,0.009585600000000423
211373,3ndJx5uTH1Kw82iITrjuyo,IfcWall,Basic Wall,W-Skirting (100mm),Ground Floor,Tile,Flooring finished with 12mm thick ceramic tiles,0.6097333333333328,0.007316800000000309
211431,3ndJx5uTH1Kw82iITrju$E,IfcWall,Basic Wall,W-Skirting (100mm),Ground Floor,Tile,Flooring finished with 12mm thick ceramic tiles,0.9164000000000008,0.01099679999999999
211489,3ndJx5uTH1Kw82iITrju$8,IfcWall,Basic Wall,W-Skirting (100mm),Ground Floor,Tile,Flooring finished with 12mm thick ceramic tiles,0.6109333333333337,0.00733119999999999
211547,3ndJx5uTH1Kw82iITrju$4,IfcWall,Basic Wall,W-Skirting (100mm),Ground Floor,Tile,Flooring finished with 12mm thick ceramic tiles,0.03146666666666692,0.0003776000000000195
211605,3ndJx5uTH1Kw82iITrju$0,IfcWall,Basic Wall,W-Skirting (100mm),Ground Floor,Tile,Flooring finished with 12mm thick ceramic tiles,0.09200000000000011,0.0011039999999999993
211663,3ndJx5uTH1Kw82iITrju$S,IfcWall,Basic Wall,W-Skirting (100mm),Ground Floor,Tile,Flooring finished with 12mm thick ceramic tiles,0.18400000000000014,0.002208000000000097
211721,3ndJx5uTH1Kw82iITrju$O,IfcWall,Basic Wall,W-Skirting (100mm),Ground Floor,Tile,Flooring finished with 12mm thick ceramic tiles,0.30426666666666774,0.003651199999999842
211779,3ndJx5uTH1Kw82iITrju$K,IfcWall,Basic Wall,W-Skirting (100mm),Ground Floor,Tile,Flooring finished with 12mm thick ceramic tiles,0.5177333333333334,0.006212799999999989
211837,3ndJx5uTH1Kw82iITrju$G,IfcWall,Basic Wall,W-Skirting (100mm),Ground Floor,Tile,Flooring finished with 12mm thick ceramic tiles,0.6109333333333319,0.007331199999999917
211895,3ndJx5uTH1Kw82iITrju$i,IfcWall,Basic Wall,W-Skirting (100mm),Ground Floor,Tile,Flooring finished with 12mm thick ceramic tiles,0.09199999999999849,0.0011039999999999796
211953,3ndJx5uTH1Kw82iITrju$e,IfcWall,Basic Wall,W-Skirting (100mm),Ground Floor,Tile,Flooring finished with 12mm thick ceramic tiles,0.15740000000000012,0.0018888000000000832
212011,3ndJx5uTH1Kw82iITrju$a,IfcWall,Basic Wall,W-Skirting (100mm),Ground Floor,Tile,Flooring finished with 12mm thick ceramic tiles,0.09080000000000016,0.0010896
212069,3ndJx5uTH1Kw82iITrju$x,IfcWall,Basic Wall,W-Skirting (100mm),Ground Floor,Tile,Flooring finished with 12mm thick ceramic tiles,0.9176000000000001,0.01101120000000048
212127,3ndJx5uTH1Kw82iITrju$t,IfcWall,Basic Wall,W-Skirting (100mm),Ground Floor,Tile,Flooring finished with 12mm thick ceramic tiles,0.6097333333333317,0.0073167999999996375
212185,3ndJx5uTH1Kw82iITrju$p,IfcWall,Basic Wall,W-Skirting (100mm),Ground Floor,Tile,Flooring finished with 12mm thick ceramic tiles,0.9163999999999998,0.010996799999999482
212243,3ndJx5uTH1Kw82iITrju_F,IfcWall,Basic Wall,W-Skirting (100mm),Ground Floor,Tile,Flooring finished with 12mm thick ceramic tiles,0.36946666666666644,0.004433599999999789
212301,3ndJx5uTH1Kw82iITrju_B,IfcWall,Basic Wall,W-Skirting (100mm),Ground Floor,Tile,Flooring finished with 12mm thick ceramic tiles,0.6109333333333243,0.007331199999999549
212359,3ndJx5uTH1Kw82iITrju_7,IfcWall,Basic Wall,W-Skirting (100mm),Ground Floor,Tile,Flooring finished with 12mm thick ceramic tiles,0.7105999999999999,0.008527200000000368
212417,3ndJx5uTH1Kw82iITrju_3,IfcWall,Basic Wall,W-Skirting (100mm),Ground Floor,Tile,Flooring finished with 12mm thick ceramic tiles,0.21546666666667064,0.0025856000000003933
212475,3ndJx5uTH1Kw82iITrju_V,IfcWall,Basic Wall,W-Skirting (100mm),Ground Floor,Tile,Flooring finished with 12mm thick ceramic tiles,0.09966666666667563,0.0011960000000001596
212533,3ndJx5uTH1Kw82iITrju_R,IfcWall,Basic Wall,W-Skirting (100mm),Ground Floor,Tile,Flooring finished with 12mm thick ceramic tiles,0.18399999999999542,0.002207999999999842
212591,3ndJx5uTH1Kw82iITrju_N,IfcWall,Basic Wall,W-Skirting (100mm),Ground Floor,Tile,Flooring finished with 12mm thick ceramic tiles,0.3042666666666673,0.0036511999999998355
212649,3ndJx5uTH1Kw82iITrju_J,IfcWall,Basic Wall,W-Skirting (100mm),Ground Floor,Tile,Flooring finished with 12mm thick ceramic tiles,0.6097333333333244,0.00731679999999955
212707,3ndJx5uTH1Kw82iITrju_l,IfcWall,Basic Wall,W-Skirting (100mm),Ground Floor,Tile,Flooring finished with 12mm thick ceramic tiles,0.6109333333333241,0.007331199999999545
212765,3ndJx5uTH1Kw82iITrju_h,IfcWall,Basic Wall,W-Skirting (100mm),Ground Floor,Tile,Flooring finished with 12mm thick ceramic tiles,0.30186666666666695,0.0036223999999998335
212823,3ndJx5uTH1Kw82iITrju_d,IfcWall,Basic Wall,W-Skirting (100mm),Ground Floor,Tile,Flooring finished with 12mm thick ceramic tiles,1.6471333333333331,0.019765599999999068
212881,3ndJx5uTH1Kw82iITrju_Z,IfcWall,Basic Wall,W-Skirting (100mm),Ground Floor,Tile,Flooring finished with 12mm thick ceramic tiles,0.6097333333333244,0.00731679999999955
212939,3ndJx5uTH1Kw82iITrju_$,IfcWall,Basic Wall,W-Skirting (100mm),Ground Floor,Tile,Flooring finished with 12mm thick ceramic tiles,1.644733333333333,0.019736799999999066
212997,3ndJx5uTH1Kw82iITrju_x,IfcWall,Basic Wall,W-Skirting (100mm),Ground Floor,Tile,Flooring finished with 12mm thick ceramic tiles,0.6085333333333319,0.007302400000000959
213055,3ndJx5uTH1Kw82iITrju_t,IfcWall,Basic Wall,W-Skirting (100mm),Ground Floor,Tile,Flooring finished with 12mm thick ceramic tiles,0.9175999999999948,0.011011200000000582
213113,3ndJx5uTH1Kw82iITrju_p,IfcWall,Basic Wall,W-Skirting (100mm),Ground Floor,Tile,Flooring finished with 12mm thick ceramic tiles,1.5232666666666659,0.018279200000002434
213171,3ndJx5uTH1Kw82iITrjuvF,IfcWall,Basic Wall,W-Skirting (100mm),Ground Floor,Tile,Flooring finished with 12mm thick ceramic tiles,1.523266666666666,0.018279199999999135
213229,3ndJx5uTH1Kw82iITrjuvB,IfcWall,Basic Wall,W-Skirting (100mm),Ground Floor,Tile,Flooring finished with 12mm thick ceramic tiles,0.9151999999999948,0.010982400000001405
213287,3ndJx5uTH1Kw82iITrjuv7,IfcWall,Basic Wall,W-Skirting (100mm),Ground Floor,Tile,Flooring finished with 12mm thick ceramic tiles,0.9187999999999948,0.011025600000001412
213345,3ndJx5uTH1Kw82iITrjuv3,IfcWall,Basic Wall,W-Skirting (100mm),Ground Floor,Tile,Flooring finished with 12mm thick ceramic tiles,0.30306666666666626,0.0036367999999998243
213403,3ndJx5uTH1Kw82iITrjuvV,IfcWall,Basic Wall,W-Skirting (100mm),Ground Floor,Tile,Flooring finished with 12mm thick ceramic tiles,0.9163999999999947,0.010996800000001406
213461,3ndJx5uTH1Kw82iITrjuvR,IfcWall,Basic Wall,W-Skirting (100mm),Ground Floor,Tile,Flooring finished with 12mm thick ceramic tiles,0.3018666666666665,0.0036224000000004827
213519,3ndJx5uTH1Kw82iITrjuvN,IfcWall,Basic Wall,W-Skirting (100mm),Ground Floor,Tile,Flooring finished with 12mm thick ceramic tiles,0.917999999999995,0.011016000000001414
213577,3ndJx5uTH1Kw82iITrjuvJ,IfcWall,Basic Wall,W-Skirting (100mm),Ground Floor,Tile,Flooring finished with 12mm thick ceramic tiles,0.6133333333333316,0.007360000000000965
213635,3ndJx5uTH1Kw82iITrjuvl,IfcWall,Basic Wall,W-Skirting (100mm),Ground Floor,Tile,Flooring finished with 12mm thick ceramic tiles,0.6101333333333359,0.007321599999999688
213693,3ndJx5uTH1Kw82iITrjuvh,IfcWall,Basic Wall,W-Skirting (100mm),Ground Floor,Tile,Flooring finished with 12mm thick ceramic tiles,0.03700000000000719,0.00044400000000014545
213751,3ndJx5uTH1Kw82iITrjuvd,IfcWall,Basic Wall,W-Skirting (100mm),Ground Floor,Tile,Flooring finished with 12mm thick ceramic tiles,0.02299999999999737,0.00027599999999995553
213809,3ndJx5uTH1Kw82iITrjuvY,IfcWall,Basic Wall,W-Skirting (100mm),Ground Floor,Tile,Flooring finished with 12mm thick ceramic tiles,0.026999999999996898,0.0003239999999999476
213867,3ndJx5uTH1Kw82iITrjuvx,IfcWall,Basic Wall,W-Skirting (100mm),Ground Floor,Tile,Flooring finished with 12mm thick ceramic tiles,0.03819999999998829,0.00045839999999992083
213925,3ndJx5uTH1Kw82iITrjuvt,IfcWall,Basic Wall,W-Skirting (100mm),Ground Floor,Tile,Flooring finished with 12mm thick ceramic tiles,0.027000000000000364,0.0003240000000000476
213983,3ndJx5uTH1Kw82iITrjuu1,IfcWall,Basic Wall,W-Skirting (100mm),Ground Floor,Tile,Flooring finished with 12mm thick ceramic tiles,0.7987999999999977,0.00958560000000039
214041,3ndJx5uTH1Kw82iITrjuuT,IfcWall,Basic Wall,W-Skirting (100mm),Ground Floor,Tile,Flooring finished with 12mm thick ceramic tiles,0.4142333333333413,0.004970800000000759
214099,3ndJx5uTH1Kw82iITrjuuP,IfcWall,Basic Wall,W-Skirting (100mm),Ground Floor,Tile,Flooring finished with 12mm thick ceramic tiles,0.916399999999998,0.010996799999999958
214157,3ndJx5uTH1Kw82iITrjuuL,IfcWall,Basic Wall,W-Skirting (100mm),Ground Floor,Tile,Flooring finished with 12mm thick ceramic tiles,0.41423333333334095,0.0049708000000007555
214215,3ndJx5uTH1Kw82iITrjuuH,IfcWall,Basic Wall,W-Skirting (100mm),Ground Floor,Tile,Flooring finished with 12mm thick ceramic tiles,0.6032666666666665,0.007239200000000312
214273,3ndJx5uTH1Kw82iITrjuuj,IfcWall,Basic Wall,W-Skirting (100mm),Ground Floor,Tile,Flooring finished with 12mm thick ceramic tiles,0.4142333333333412,0.004970800000000758
214331,3ndJx5uTH1Kw82iITrjuuf,IfcWall,Basic Wall,W-Skirting (100mm),Ground Floor,Tile,Flooring finished with 12mm thick ceramic tiles,0.6020666666666665,0.007224799999999985
214389,3ndJx5uTH1Kw82iITrjuub,IfcWall,Basic Wall,W-Skirting (100mm),Ground Floor,Tile,Flooring finished with 12mm thick ceramic tiles,0.41303333333334113,0.004956399999999862
214447,3ndJx5uTH1Kw82iITrjuuX,IfcWall,Basic Wall,W-Skirting (100mm),Ground Floor,Tile,Flooring finished with 12mm thick ceramic tiles,0.4166333333333413,0.00499959999999986
214505,3ndJx5uTH1Kw82iITrjuuz,IfcWall,Basic Wall,W-Skirting (100mm),Ground Floor,Tile,Flooring finished with 12mm thick ceramic tiles,0.9163999999999993,0.010996799999999973
214563,3ndJx5uTH1Kw82iITrjuuv,IfcWall,Basic Wall,W-Skirting (100mm),Ground Floor,Tile,Flooring finished with 12mm thick ceramic tiles,0.7987999999999992,0.009585600000000406
214621,3ndJx5uTH1Kw82iITrjuur,IfcWall,Basic Wall,W-Skirting (100mm),Ground Floor,Tile,Flooring finished with 12mm thick ceramic tiles,0.4142333333333411,0.004970800000000084
214679,3ndJx5uTH1Kw82iITrjuun,IfcWall,Basic Wall,W-Skirting (100mm),Ground Floor,Tile,Flooring finished with 12mm thick ceramic tiles,0.46526666666666583,0.005583199999999982
214737,3ndJx5uTH1Kw82iITrjuxD,IfcWall,Basic Wall,W-Skirting (100mm),Ground Floor,Tile,Flooring finished with 12mm thick ceramic tiles,0.1803999999999936,0.002164800000000017
214795,3ndJx5uTH1Kw82iITrjux9,IfcWall,Basic Wall,W-Skirting (100mm),Ground Floor,Tile,Flooring finished with 12mm thick ceramic tiles,0.4640666666666659,0.005568799999999982
214853,3ndJx5uTH1Kw82iITrjux5,IfcWall,Basic Wall,W-Skirting (100mm),Ground Floor,Tile,Flooring finished with 12mm thick ceramic tiles,0.17919999999999356,0.0021503999999999187
214911,3ndJx5uTH1Kw82iITrjux1,IfcWall,Basic Wall,W-Skirting (100mm),Ground Floor,Tile,Flooring finished with 12mm thick ceramic tiles,0.18159999999999363,0.0021792000000000183
214969,3ndJx5uTH1Kw82iITrjuxT,IfcWall,Basic Wall,W-Skirting (100mm),Ground Floor,Tile,Flooring finished with 12mm thick ceramic tiles,0.24173333333333352,0.0029007999999999972
215027,3ndJx5uTH1Kw82iITrjuxP,IfcWall,Basic Wall,W-Skirting (100mm),Ground Floor,Tile,Flooring finished with 12mm thick ceramic tiles,0.09159999999999376,0.0010991999999998736
215085,3ndJx5uTH1Kw82iITrjuxL,IfcWall,Basic Wall,W-Skirting (100mm),Ground Floor,Tile,Flooring finished with 12mm thick ceramic tiles,0.24293333333333358,0.002915199999999998
215143,3ndJx5uTH1Kw82iITrjuxH,IfcWall,Basic Wall,W-Skirting (100mm),Ground Floor,Tile,Flooring finished with 12mm thick ceramic tiles,0.6032666666666663,0.007239199999999982
215201,3ndJx5uTH1Kw82iITrjuxj,IfcWall,Basic Wall,W-Skirting (100mm),Ground Floor,Tile,Flooring finished with 12mm thick ceramic tiles,0.18039999999999365,0.002164800000000213
215259,3ndJx5uTH1Kw82iITrjuxf,IfcWall,Basic Wall,W-Skirting (100mm),Ground Floor,Tile,Flooring finished with 12mm thick ceramic tiles,0.6020666666666665,0.007224799999999985
215317,3ndJx5uTH1Kw82iITrjuxb,IfcWall,Basic Wall,W-Skirting (100mm),Ground Floor,Tile,Flooring finished with 12mm thick ceramic tiles,0.17919999999999356,0.002150399999999822
215375,3ndJx5uTH1Kw82iITrjuxX,IfcWall,Basic Wall,W-Skirting (100mm),Ground Floor,Tile,Flooring finished with 12mm thick ceramic tiles,0.18159999999999368,0.0021792000000002156
215433,3ndJx5uTH1Kw82iITrjuxz,IfcWall,Basic Wall,W-Skirting (100mm),Ground Floor,Tile,Flooring finished with 12mm thick ceramic tiles,0.4652666666666675,0.0055832
215491,3ndJx5uTH1Kw82iITrjuxv,IfcWall,Basic Wall,W-Skirting (100mm),Ground Floor,Tile,Flooring finished with 12mm thick ceramic tiles,0.4652666666666675,0.0055832
215549,3ndJx5uTH1Kw82iITrjuxr,IfcWall,Basic Wall,W-Skirting (100mm),Ground Floor,Tile,Flooring finished with 12mm thick ceramic tiles,0.17919999999999361,0.0021504000000002106
215607,3ndJx5uTH1Kw82iITrjuxn,IfcWall,Basic Wall,W-Skirting (100mm),Ground Floor,Tile,Flooring finished with 12mm thick ceramic tiles,0.1815999999999937,0.0021792000000002156
215665,3ndJx5uTH1Kw82iITrjuwD,IfcWall,Basic Wall,W-Skirting (100mm),Ground Floor,Tile,Flooring finished with 12mm thick ceramic tiles,0.2429333333333331,0.0029151999999999924
215723,3ndJx5uTH1Kw82iITrjuw9,IfcWall,Basic Wall,W-Skirting (100mm),Ground Floor,Tile,Flooring finished with 12mm thick ceramic tiles,0.24173333333333297,0.002900799999999991
215781,3ndJx5uTH1Kw82iITrjuw5,IfcWall,Basic Wall,W-Skirting (100mm),Ground Floor,Tile,Flooring finished with 12mm thick ceramic tiles,0.09159999999999376,0.0010992000000000718
215839,3ndJx5uTH1Kw82iITrjuw0,IfcWall,Basic Wall,W-Skirting (100mm),Ground Floor,Tile,Flooring finished with 12mm thick ceramic tiles,0.18520000000000145,0.0022224000000001143
215897,3ndJx5uTH1Kw82iITrjuwV,IfcWall,Basic Wall,W-Skirting (100mm),Ground Floor,Tile,Flooring finished with 12mm thick ceramic tiles,0.5177333333333277,0.006212799999999923
215955,3ndJx5uTH1Kw82iITrjuwU,IfcWall,Basic Wall,W-Skirting (100mm),Ground Floor,Tile,Flooring finished with 12mm thick ceramic tiles,0.3030666666666671,0.0036367999999998347
216013,3ndJx5uTH1Kw82iITrjuwT,IfcWall,Basic Wall,W-Skirting (100mm),Ground Floor,Tile,Flooring finished with 12mm thick ceramic tiles,0.609733333333331,0.007316799999999958
216071,3ndJx5uTH1Kw82iITrjuwS,IfcWall,Basic Wall,W-Skirting (100mm),Ground Floor,Tile,Flooring finished with 12mm thick ceramic tiles,0.11906666666666565,0.0014287999999999855
216129,3ndJx5uTH1Kw82iITrjuwR,IfcWall,Basic Wall,W-Skirting (100mm),Ground Floor,Tile,Flooring finished with 12mm thick ceramic tiles,0.09080000000000292,0.0010896000000000334
216187,3ndJx5uTH1Kw82iITrjuwQ,IfcWall,Basic Wall,W-Skirting (100mm),Ground Floor,Tile,Flooring finished with 12mm thick ceramic tiles,0.43460000000000143,0.005215199999999773
216245,3ndJx5uTH1Kw82iITrjuwP,IfcWall,Basic Wall,W-Skirting (100mm),Ground Floor,Tile,Flooring finished with 12mm thick ceramic tiles,0.609733333333331,0.007316799999999957
216303,3ndJx5uTH1Kw82iITrjuwO,IfcWall,Basic Wall,W-Skirting (100mm),Ground Floor,Tile,Flooring finished with 12mm thick ceramic tiles,0.4334000000000014,0.005200800000000047
216361,3ndJx5uTH1Kw82iITrjuwN,IfcWall,Basic Wall,W-Skirting (100mm),Ground Floor,Tile,Flooring finished with 12mm thick ceramic tiles,0.608533333333331,0.007302400000000288
216419,3ndJx5uTH1Kw82iITrjuwM,IfcWall,Basic Wall,W-Skirting (100mm),Ground Floor,Tile,Flooring finished with 12mm thick ceramic tiles,0.4575999999999969,0.005491199999999705
216477,3ndJx5uTH1Kw82iITrjuwL,IfcWall,Basic Wall,W-Skirting (100mm),Ground Floor,Tile,Flooring finished with 12mm thick ceramic tiles,0.609733333333331,0.007316800000000289
216535,3ndJx5uTH1Kw82iITrjuwK,IfcWall,Basic Wall,W-Skirting (100mm),Ground Floor,Tile,Flooring finished with 12mm thick ceramic tiles,0.45639999999999714,0.005476799999999914
216593,3ndJx5uTH1Kw82iITrjuwJ,IfcWall,Basic Wall,W-Skirting (100mm),Ground Floor,Tile,Flooring finished with 12mm thick ceramic tiles,0.608533333333331,0.00730239999999963
216651,3ndJx5uTH1Kw82iITrjubX,IfcWall,Basic Wall,W-Skirting (100mm),Ground Floor,Tile,Flooring finished with 12mm thick ceramic tiles,0.8109999999999998,0.009732000000000417
216709,3ndJx5uTH1Kw82iITrjubW,IfcWall,Basic Wall,W-Skirting (100mm),Ground Floor,Tile,Flooring finished with 12mm thick ceramic tiles,0.09080000000000006,0.0010895999999999985
216767,3ndJx5uTH1Kw82iITrjub$,IfcWall,Basic Wall,W-Skirting (100mm),Ground Floor,Tile,Flooring finished with 12mm thick ceramic tiles,0.15500000000000014,0.001860000000000082
216825,3ndJx5uTH1Kw82iITrjub_,IfcWall,Basic Wall,W-Skirting (100mm),Ground Floor,Tile,Flooring finished with 12mm thick ceramic tiles,0.09079999999999842,0.0010895999999999894
216883,3ndJx5uTH1Kw82iITrjubz,IfcWall,Basic Wall,W-Skirting (100mm),Ground Floor,Tile,Flooring finished with 12mm thick ceramic tiles,0.9708000000000002,0.011649600000000506
216941,3ndJx5uTH1Kw82iITrjuby,IfcWall,Basic Wall,W-Skirting (100mm),Ground Floor,Tile,Flooring finished with 12mm thick ceramic tiles,0.6629333333333317,0.007955199999999607
216999,3ndJx5uTH1Kw82iITrjubx,IfcWall,Basic Wall,W-Skirting (100mm),Ground Floor,Tile,Flooring finished with 12mm thick ceramic tiles,0.483000000000002,0.005795999999999753
217057,3ndJx5uTH1Kw82iITrjubw,IfcWall,Basic Wall,W-Skirting (100mm),Ground Floor,Tile,Flooring finished with 12mm thick ceramic tiles,0.3030666666666682,0.0036368000000001756
217115,3ndJx5uTH1Kw82iITrjubv,IfcWall,Basic Wall,W-Skirting (100mm),Ground Floor,Tile,Flooring finished with 12mm thick ceramic tiles,0.4835999999999995,0.005803199999999722
217173,3ndJx5uTH1Kw82iITrjubu,IfcWall,Basic Wall,W-Skirting (100mm),Ground Floor,Tile,Flooring finished with 12mm thick ceramic tiles,0.026600000000000235,0.00031919999999998786
217231,3ndJx5uTH1Kw82iITrjubt,IfcWall,Basic Wall,W-Skirting (100mm),Ground Floor,Tile,Flooring finished with 12mm thick ceramic tiles,0.9436000000000008,0.011323199999999478
217289,3ndJx5uTH1Kw82iITrjubs,IfcWall,Basic Wall,W-Skirting (100mm),Ground Floor,Tile,Flooring finished with 12mm thick ceramic tiles,0.8857333333333326,0.010628799999999893
217347,3ndJx5uTH1Kw82iITrjubr,IfcWall,Basic Wall,W-Skirting (100mm),Ground Floor,Tile,Flooring finished with 12mm thick ceramic tiles,0.9429999999999973,0.01131600000000148
217405,3ndJx5uTH1Kw82iITrjubq,IfcWall,Basic Wall,W-Skirting (100mm),Ground Floor,Tile,Flooring finished with 12mm thick ceramic tiles,0.6363333333333316,0.007635999999999621
217463,3ndJx5uTH1Kw82iITrjubp,IfcWall,Basic Wall,W-Skirting (100mm),Ground Floor,Tile,Flooring finished with 12mm thick ceramic tiles,0.24173333333333907,0.0029008000000002813
217521,3ndJx5uTH1Kw82iITrjubo,IfcWall,Basic Wall,W-Skirting (100mm),Ground Floor,Tile,Flooring finished with 12mm thick ceramic tiles,2.391999999999996,0.0287039999999986
217579,3ndJx5uTH1Kw82iITrjubn,IfcWall,Basic Wall,W-Skirting (100mm),Ground Floor,Tile,Flooring finished with 12mm thick ceramic tiles,0.9429999999999987,0.011316000000000308
217637,3ndJx5uTH1Kw82iITrjubm,IfcWall,Basic Wall,W-Skirting (100mm),Ground Floor,Tile,Flooring finished with 12mm thick ceramic tiles,1.192400000000002,0.014308800000001936
217695,3ndJx5uTH1Kw82iITrjuaF,IfcWall,Basic Wall,W-Skirting (100mm),Ground Floor,Tile,Flooring finished with 12mm thick ceramic tiles,0.9429999999999951,0.011315999999999922
217753,3ndJx5uTH1Kw82iITrjuaE,IfcWall,Basic Wall,W-Skirting (100mm),Ground Floor,Tile,Flooring finished with 12mm thick ceramic tiles,2.392000000000001,0.028703999999998654
217811,3ndJx5uTH1Kw82iITrjuaD,IfcWall,Basic Wall,W-Skirting (100mm),Ground Floor,Tile,Flooring finished with 12mm thick ceramic tiles,0.24173333333332545,0.0029008000000002926
217869,3ndJx5uTH1Kw82iITrjuaC,IfcWall,Basic Wall,W-Skirting (100mm),Ground Floor,Tile,Flooring finished with 12mm thick ceramic tiles,0.6363333333333325,0.007635999999999633
217927,3ndJx5uTH1Kw82iITrjuaB,IfcWall,Basic Wall,W-Skirting (100mm),Ground Floor,Tile,Flooring finished with 12mm thick ceramic tiles,0.9430000000000002,0.011316000000001514
217985,3ndJx5uTH1Kw82iITrjuaA,IfcWall,Basic Wall,W-Skirting (100mm),Ground Floor,Tile,Flooring finished with 12mm thick ceramic tiles,0.8857333333333323,0.010628800000000048
218043,3ndJx5uTH1Kw82iITrjua9,IfcWall,Basic Wall,W-Skirting (100mm),Ground Floor,Tile,Flooring finished with 12mm thick ceramic tiles,0.9435999999999958,0.011323199999999417
218101,3ndJx5uTH1Kw82iITrjua8,IfcWall,Basic Wall,W-Skirting (100mm),Ground Floor,Tile,Flooring finished with 12mm thick ceramic tiles,0.026600000000000235,0.00031919999999998786
218159,3ndJx5uTH1Kw82iITrjua7,IfcWall,Basic Wall,W-Skirting (100mm),Ground Floor,Tile,Flooring finished with 12mm thick ceramic tiles,0.48360000000000053,0.005803199999999734
218217,3ndJx5uTH1Kw82iITrjua6,IfcWall,Basic Wall,W-Skirting (100mm),Ground Floor,Tile,Flooring finished with 12mm thick ceramic tiles,0.30306666666666754,0.0036368000000001686
218275,3ndJx5uTH1Kw82iITrjua5,IfcWall,Basic Wall,W-Skirting (100mm),Ground Floor,Tile,Flooring finished with 12mm thick ceramic tiles,0.4829999999999972,0.0057959999999996955
218333,3ndJx5uTH1Kw82iITrjua4,IfcWall,Basic Wall,W-Skirting (100mm),Ground Floor,Tile,Flooring finished with 12mm thick ceramic tiles,0.6629333333333313,0.007955199999999602
218391,3ndJx5uTH1Kw82iITrjua3,IfcWall,Basic Wall,W-Skirting (100mm),Ground Floor,Tile,Flooring finished with 12mm thick ceramic tiles,0.9695999999999987,0.011635199999999965
218449,3ndJx5uTH1Kw82iITrjua2,IfcWall,Basic Wall,W-Skirting (100mm),Ground Floor,Tile,Flooring finished with 12mm thick ceramic tiles,0.09200000000000318,0.0011040000000000362
218507,3ndJx5uTH1Kw82iITrjua1,IfcWall,Basic Wall,W-Skirting (100mm),Ground Floor,Tile,Flooring finished with 12mm thick ceramic tiles,0.15740000000000146,0.0018888000000000993
218565,3ndJx5uTH1Kw82iITrjua0,IfcWall,Basic Wall,W-Skirting (100mm),Ground Floor,Tile,Flooring finished with 12mm thick ceramic tiles,0.09200000000000308,0.0011040000000000435
218623,3ndJx5uTH1Kw82iITrjuaV,IfcWall,Basic Wall,W-Skirting (100mm),Ground Floor,Tile,Flooring finished with 12mm thick ceramic tiles,0.8086000000000004,0.009703199999999622
218681,3ndJx5uTH1Kw82iITrjuaU,IfcWall,Basic Wall,W-Skirting (100mm),Ground Floor,Tile,Flooring finished with 12mm thick ceramic tiles,2.6373333333333346,0.03164800000000138
218739,3ndJx5uTH1Kw82iITrjuaT,IfcWall,Basic Wall,W-Skirting (100mm),Ground Floor,Tile,Flooring finished with 12mm thick ceramic tiles,0.42573333333332586,0.005108800000000285
218797,3ndJx5uTH1Kw82iITrjuaS,IfcWall,Basic Wall,W-Skirting (100mm),Ground Floor,Tile,Flooring finished with 12mm thick ceramic tiles,6.221733333333334,0.07466079999999652
218855,3ndJx5uTH1Kw82iITrjuaR,IfcWall,Basic Wall,W-Skirting (100mm),Ground Floor,Tile,Flooring finished with 12mm thick ceramic tiles,0.4257333333333229,0.005108800000000557
218913,3ndJx5uTH1Kw82iITrjuaQ,IfcWall,Basic Wall,W-Skirting (100mm),Ground Floor,Tile,Flooring finished with 12mm thick ceramic tiles,2.6361333333333303,0.03163360000000134
218971,2L7XoMoqLCLwj1uGORUEzF,IfcWall,Basic Wall,W-Skirting (100mm),First Floor,Tile,Flooring finished with 12mm thick ceramic tiles,1.0402666666666558,0.01248320000000154
219029,2L7XoMoqLCLwj1uGORUEzE,IfcWall,Basic Wall,W-Skirting (100mm),First Floor,Tile,Flooring finished with 12mm thick ceramic tiles,1.246066666666667,0.014952800000002002
219087,2L7XoMoqLCLwj1uGORUEz9,IfcWall,Basic Wall,W-Skirting (100mm),First Floor,Tile,Flooring finished with 12mm thick ceramic tiles,1.039066666666654,0.012468799999999263
219145,2L7XoMoqLCLwj1uGORUEz8,IfcWall,Basic Wall,W-Skirting (100mm),First Floor,Tile,Flooring finished with 12mm thick ceramic tiles,1.2448666666666666,0.014938400000001994
219203,2L7XoMoqLCLwj1uGORUEzB,IfcWall,Basic Wall,W-Skirting (100mm),First Floor,Tile,Flooring finished with 12mm thick ceramic tiles,1.3469333333333389,0.016163200000002223
219261,2L7XoMoqLCLwj1uGORUEzA,IfcWall,Basic Wall,W-Skirting (100mm),First Floor,Tile,Flooring finished with 12mm thick ceramic tiles,0.9164000000000034,0.010996800000000683
219319,2L7XoMoqLCLwj1uGORUEzL,IfcWall,Basic Wall,W-Skirting (100mm),First Floor,Tile,Flooring finished with 12mm thick ceramic tiles,1.3457333333333388,0.016148799999999307
219377,2L7XoMoqLCLwj1uGORUEzK,IfcWall,Basic Wall,W-Skirting (100mm),First Floor,Tile,Flooring finished with 12mm thick ceramic tiles,0.9152000000000033,0.010982400000001509
219435,2L7XoMoqLCLwj1uGORUEzN,IfcWall,Basic Wall,W-Skirting (100mm),First Floor,Tile,Flooring finished with 12mm thick ceramic tiles,1.3469333333333369,0.016163200000002206
219493,2L7XoMoqLCLwj1uGORUEzM,IfcWall,Basic Wall,W-Skirting (100mm),First Floor,Tile,Flooring finished with 12mm thick ceramic tiles,0.9164000000000031,0.01099680000000068
219551,2L7XoMoqLCLwj1uGORUEzH,IfcWall,Basic Wall,W-Skirting (100mm),First Floor,Tile,Flooring finished with 12mm thick ceramic tiles,1.3457333333333368,0.016148799999999287
219609,2L7XoMoqLCLwj1uGORUEzG,IfcWall,Basic Wall,W-Skirting (100mm),First Floor,Tile,Flooring finished with 12mm thick ceramic tiles,0.9152000000000033,0.010982400000000682
219667,2L7XoMoqLCLwj1uGORUEzJ,IfcWall,Basic Wall,W-Skirting (100mm),First Floor,Tile,Flooring finished with 12mm thick ceramic tiles,1.3469333333333409,0.016163200000002247
219725,2L7XoMoqLCLwj1uGORUEzI,IfcWall,Basic Wall,W-Skirting (100mm),First Floor,Tile,Flooring finished with 12mm thick ceramic tiles,0.9164000000000031,0.010996800000001508
219783,2L7XoMoqLCLwj1uGORUEzT,IfcWall,Basic Wall,W-Skirting (100mm),First Floor,Tile,Flooring finished with 12mm thick ceramic tiles,1.3457333333333408,0.016148799999999332
219841,2L7XoMoqLCLwj1uGORUEzS,IfcWall,Basic Wall,W-Skirting (100mm),First Floor,Tile,Flooring finished with 12mm thick ceramic tiles,0.9152000000000031,0.01098240000000035
219899,2L7XoMoqLCLwj1uGORUEzV,IfcWall,Basic Wall,W-Skirting (100mm),First Floor,Tile,Flooring finished with 12mm thick ceramic tiles,1.0402666666666671,0.012483200000001672
219957,2L7XoMoqLCLwj1uGORUEzU,IfcWall,Basic Wall,W-Skirting (100mm),First Floor,Tile,Flooring finished with 12mm thick ceramic tiles,1.246066666666683,0.014952800000002197
220015,2L7XoMoqLCLwj1uGORUEzP,IfcWall,Basic Wall,W-Skirting (100mm),First Floor,Tile,Flooring finished with 12mm thick ceramic tiles,1.0390666666666666,0.012468799999999416
220073,2L7XoMoqLCLwj1uGORUEzO,IfcWall,Basic Wall,W-Skirting (100mm),First Floor,Tile,Flooring finished with 12mm thick ceramic tiles,1.2448666666666834,0.014938400000002195
220131,2L7XoMoqLCLwj1uGORUEzR,IfcWall,Basic Wall,W-Skirting (100mm),First Floor,Tile,Flooring finished with 12mm thick ceramic tiles,0.6109333333333308,0.007331200000000947
220189,2L7XoMoqLCLwj1uGORUEzQ,IfcWall,Basic Wall,W-Skirting (100mm),First Floor,Tile,Flooring finished with 12mm thick ceramic tiles,1.2154000000000011,0.014584800000000096
220247,2L7XoMoqLCLwj1uGORUE_b,IfcWall,Basic Wall,W-Skirting (100mm),First Floor,Tile,Flooring finished with 12mm thick ceramic tiles,0.6097333333333317,0.0073167999999996375
220305,2L7XoMoqLCLwj1uGORUE_a,IfcWall,Basic Wall,W-Skirting (100mm),First Floor,Tile,Flooring finished with 12mm thick ceramic tiles,1.2142000000000006,0.014570400000000643
220363,2L7XoMoqLCLwj1uGORUE_d,IfcWall,Basic Wall,W-Skirting (100mm),First Floor,Tile,Flooring finished with 12mm thick ceramic tiles,0.3042666666666677,0.003651200000000171
220421,2L7XoMoqLCLwj1uGORUE_c,IfcWall,Basic Wall,W-Skirting (100mm),First Floor,Tile,Flooring finished with 12mm thick ceramic tiles,0.6097333333333317,0.007316799999999637
220479,2L7XoMoqLCLwj1uGORUE_X,IfcWall,Basic Wall,W-Skirting (100mm),First Floor,Tile,Flooring finished with 12mm thick ceramic tiles,0.3030666666666677,0.0036368000000000333
220537,2L7XoMoqLCLwj1uGORUE_W,IfcWall,Basic Wall,W-Skirting (100mm),First Floor,Tile,Flooring finished with 12mm thick ceramic tiles,0.6085333333333319,0.0073023999999996415
220595,2L7XoMoqLCLwj1uGORUE_Z,IfcWall,Basic Wall,W-Skirting (100mm),First Floor,Tile,Flooring finished with 12mm thick ceramic tiles,0.6109333333333328,0.007331200000000312
220653,2L7XoMoqLCLwj1uGORUE_Y,IfcWall,Basic Wall,W-Skirting (100mm),First Floor,Tile,Flooring finished with 12mm thick ceramic tiles,0.9164000000000001,0.010996800000000315
220711,2L7XoMoqLCLwj1uGORUE_j,IfcWall,Basic Wall,W-Skirting (100mm),First Floor,Tile,Flooring finished with 12mm thick ceramic tiles,0.6097333333333319,0.0073167999999996375
220769,2L7XoMoqLCLwj1uGORUE_i,IfcWall,Basic Wall,W-Skirting (100mm),First Floor,Tile,Flooring finished with 12mm thick ceramic tiles,0.9152000000000003,0.010982399999999901
220827,2L7XoMoqLCLwj1uGORUE_l,IfcWall,Basic Wall,W-Skirting (100mm),First Floor,Tile,Flooring finished with 12mm thick ceramic tiles,0.12026666666666709,0.0014432000000000678
220885,2L7XoMoqLCLwj1uGORUE_k,IfcWall,Basic Wall,W-Skirting (100mm),First Floor,Tile,Flooring finished with 12mm thick ceramic tiles,0.6097333333333375,0.007316800000000036
220943,2L7XoMoqLCLwj1uGORUE_f,IfcWall,Basic Wall,W-Skirting (100mm),First Floor,Tile,Flooring finished with 12mm thick ceramic tiles,0.3030666666666677,0.0036367999999998416
221001,2L7XoMoqLCLwj1uGORUE_e,IfcWall,Basic Wall,W-Skirting (100mm),First Floor,Tile,Flooring finished with 12mm thick ceramic tiles,0.5177333333333374,0.006212800000000038
221059,2L7XoMoqLCLwj1uGORUE_h,IfcWall,Basic Wall,W-Skirting (100mm),First Floor,Tile,Flooring finished with 12mm thick ceramic tiles,0.1840000000000001,0.002208000000000097
221117,2L7XoMoqLCLwj1uGORUE_g,IfcWall,Basic Wall,W-Skirting (100mm),First Floor,Tile,Flooring finished with 12mm thick ceramic tiles,0.09080000000000006,0.0010895999999999985
221175,2L7XoMoqLCLwj1uGORUE_r,IfcWall,Basic Wall,W-Skirting (100mm),First Floor,Tile,Flooring finished with 12mm thick ceramic tiles,0.6109333333333359,0.00733119999999996
221233,2L7XoMoqLCLwj1uGORUE_q,IfcWall,Basic Wall,W-Skirting (100mm),First Floor,Tile,Flooring finished with 12mm thick ceramic tiles,0.9163999999999998,0.010996799999999482
221291,2L7XoMoqLCLwj1uGORUE_t,IfcWall,Basic Wall,W-Skirting (100mm),First Floor,Tile,Flooring finished with 12mm thick ceramic tiles,0.6097333333333356,0.0073167999999996835
221349,2L7XoMoqLCLwj1uGORUE_s,IfcWall,Basic Wall,W-Skirting (100mm),First Floor,Tile,Flooring finished with 12mm thick ceramic tiles,0.9152,0.010982400000000477
221407,2L7XoMoqLCLwj1uGORUE_n,IfcWall,Basic Wall,W-Skirting (100mm),First Floor,Tile,Flooring finished with 12mm thick ceramic tiles,0.18520000000000145,0.0022224000000001143
221465,2L7XoMoqLCLwj1uGORUE_m,IfcWall,Basic Wall,W-Skirting (100mm),First Floor,Tile,Flooring finished with 12mm thick ceramic tiles,0.5177333333333247,0.006212799999999886
221523,2L7XoMoqLCLwj1uGORUE_p,IfcWall,Basic Wall,W-Skirting (100mm),First Floor,Tile,Flooring finished with 12mm thick ceramic tiles,0.3030666666666671,0.0036367999999998347
221581,2L7XoMoqLCLwj1uGORUE_o,IfcWall,Basic Wall,W-Skirting (100mm),First Floor,Tile,Flooring finished with 12mm thick ceramic tiles,0.6097333333333284,0.007316799999999927
221639,2L7XoMoqLCLwj1uGORUE_z,IfcWall,Basic Wall,W-Skirting (100mm),First Floor,Tile,Flooring finished with 12mm thick ceramic tiles,0.11906666666666565,0.0014287999999999855
221697,2L7XoMoqLCLwj1uGORUE_y,IfcWall,Basic Wall,W-Skirting (100mm),First Floor,Tile,Flooring finished with 12mm thick ceramic tiles,0.09080000000000335,0.0010896000000000382
221755,2L7XoMoqLCLwj1uGORUE_$,IfcWall,Basic Wall,W-Skirting (100mm),First Floor,Tile,Flooring finished with 12mm thick ceramic tiles,0.43460000000000143,0.005215199999999773
221813,2L7XoMoqLCLwj1uGORUE__,IfcWall,Basic Wall,W-Skirting (100mm),First Floor,Tile,Flooring finished with 12mm thick ceramic tiles,0.6097333333333284,0.007316799999999927
221871,2L7XoMoqLCLwj1uGORUE_v,IfcWall,Basic Wall,W-Skirting (100mm),First Floor,Tile,Flooring finished with 12mm thick ceramic tiles,0.4334000000000014,0.005200800000000046
221929,2L7XoMoqLCLwj1uGORUE_u,IfcWall,Basic Wall,W-Skirting (100mm),First Floor,Tile,Flooring finished with 12mm thick ceramic tiles,0.6085333333333284,0.007302400000000256
221987,2L7XoMoqLCLwj1uGORUE_x,IfcWall,Basic Wall,W-Skirting (100mm),First Floor,Tile,Flooring finished with 12mm thick ceramic tiles,0.4575999999999969,0.005491199999999705
222045,2L7XoMoqLCLwj1uGORUE_w,IfcWall,Basic Wall,W-Skirting (100mm),First Floor,Tile,Flooring finished with 12mm thick ceramic tiles,0.6097333333333284,0.0073168000000002585
222103,2L7XoMoqLCLwj1uGORUE_5,IfcWall,Basic Wall,W-Skirting (100mm),First Floor,Tile,Flooring finished with 12mm thick ceramic tiles,0.45639999999999714,0.005476799999999914
222161,2L7XoMoqLCLwj1uGORUE_4,IfcWall,Basic Wall,W-Skirting (100mm),First Floor,Tile,Flooring finished with 12mm thick ceramic tiles,0.6085333333333285,0.007302399999999599
222219,2L7XoMoqLCLwj1uGORUE_7,IfcWall,Basic Wall,W-Skirting (100mm),First Floor,Tile,Flooring finished with 12mm thick ceramic tiles,0.9175999999999994,0.01101119999999989
222277,2L7XoMoqLCLwj1uGORUE_6,IfcWall,Basic Wall,W-Skirting (100mm),First Floor,Tile,Flooring finished with 12mm thick ceramic tiles,0.6097333333333265,0.007316799999999577
222335,2L7XoMoqLCLwj1uGORUE_1,IfcWall,Basic Wall,W-Skirting (100mm),First Floor,Tile,Flooring finished with 12mm thick ceramic tiles,0.9163999999999994,0.01099680000000047
222393,2L7XoMoqLCLwj1uGORUE_0,IfcWall,Basic Wall,W-Skirting (100mm),First Floor,Tile,Flooring finished with 12mm thick ceramic tiles,0.6085333333333264,0.007302399999999957
222451,2L7XoMoqLCLwj1uGORUE_3,IfcWall,Basic Wall,W-Skirting (100mm),First Floor,Tile,Flooring finished with 12mm thick ceramic tiles,0.603266666666668,0.007239200000000329
222509,2L7XoMoqLCLwj1uGORUE_2,IfcWall,Basic Wall,W-Skirting (100mm),First Floor,Tile,Flooring finished with 12mm thick ceramic tiles,0.3030666666666164,0.0036367999999992262
222567,2L7XoMoqLCLwj1uGORUE_D,IfcWall,Basic Wall,W-Skirting (100mm),First Floor,Tile,Flooring finished with 12mm thick ceramic tiles,0.6020666666666679,0.007224800000000329
222625,2L7XoMoqLCLwj1uGORUE_C,IfcWall,Basic Wall,W-Skirting (100mm),First Floor,Tile,Flooring finished with 12mm thick ceramic tiles,0.30186666666661655,0.0036223999999998816
222683,2L7XoMoqLCLwj1uGORUE_F,IfcWall,Basic Wall,W-Skirting (100mm),First Floor,Tile,Flooring finished with 12mm thick ceramic tiles,0.6032666666666677,0.007239200000000001
222741,2L7XoMoqLCLwj1uGORUE_E,IfcWall,Basic Wall,W-Skirting (100mm),First Floor,Tile,Flooring finished with 12mm thick ceramic tiles,0.28006666666671015,0.003360800000000971
222799,2L7XoMoqLCLwj1uGORUE_9,IfcWall,Basic Wall,W-Skirting (100mm),First Floor,Tile,Flooring finished with 12mm thick ceramic tiles,0.6020666666666676,0.0072248000000003235
222857,2L7XoMoqLCLwj1uGORUE_8,IfcWall,Basic Wall,W-Skirting (100mm),First Floor,Tile,Flooring finished with 12mm thick ceramic tiles,0.27886666666671006,0.003346400000000364
222915,2L7XoMoqLCLwj1uGORUE_B,IfcWall,Basic Wall,W-Skirting (100mm),First Floor,Tile,Flooring finished with 12mm thick ceramic tiles,0.6109333333333266,0.0073312000000009
222973,2L7XoMoqLCLwj1uGORUE_A,IfcWall,Basic Wall,W-Skirting (100mm),First Floor,Tile,Flooring finished with 12mm thick ceramic tiles,0.9163999999999932,0.010996800000000395
223031,2L7XoMoqLCLwj1uGORUE_L,IfcWall,Basic Wall,W-Skirting (100mm),First Floor,Tile,Flooring finished with 12mm thick ceramic tiles,0.6097333333333264,0.007316800000000895
223089,2L7XoMoqLCLwj1uGORUE_K,IfcWall,Basic Wall,W-Skirting (100mm),First Floor,Tile,Flooring finished with 12mm thick ceramic tiles,0.9151999999999931,0.01098239999999998
223147,2L7XoMoqLCLwj1uGORUE_N,IfcWall,Basic Wall,W-Skirting (100mm),First Floor,Tile,Flooring finished with 12mm thick ceramic tiles,1.2242666666666107,0.014691200000001292
223205,2L7XoMoqLCLwj1uGORUE_M,IfcWall,Basic Wall,W-Skirting (100mm),First Floor,Tile,Flooring finished with 12mm thick ceramic tiles,2.4880666666666755,0.029856799999998712
223263,2L7XoMoqLCLwj1uGORUE_H,IfcWall,Basic Wall,W-Skirting (100mm),First Floor,Tile,Flooring finished with 12mm thick ceramic tiles,1.223066666666611,0.014676800000000186
223321,2L7XoMoqLCLwj1uGORUE_G,IfcWall,Basic Wall,W-Skirting (100mm),First Floor,Tile,Flooring finished with 12mm thick ceramic tiles,2.486866666666675,0.029842400000004092
223379,2L7XoMoqLCLwj1uGORUE_J,IfcWall,Basic Wall,W-Skirting (100mm),First Floor,Tile,Flooring finished with 12mm thick ceramic tiles,0.9175999999999456,0.011011200000000821
223437,2L7XoMoqLCLwj1uGORUE_I,IfcWall,Basic Wall,W-Skirting (100mm),First Floor,Tile,Flooring finished with 12mm thick ceramic tiles,2.488066666666673,0.02985680000000407
223495,2L7XoMoqLCLwj1uGORUE_T,IfcWall,Basic Wall,W-Skirting (100mm),First Floor,Tile,Flooring finished with 12mm thick ceramic tiles,0.9163999999999455,0.010996799999999987
223553,2L7XoMoqLCLwj1uGORUE_S,IfcWall,Basic Wall,W-Skirting (100mm),First Floor,Tile,Flooring finished with 12mm thick ceramic tiles,2.486866666666672,0.029842399999998673
223611,2L7XoMoqLCLwj1uGORUE_V,IfcWall,Basic Wall,W-Skirting (100mm),First Floor,Tile,Flooring finished with 12mm thick ceramic tiles,0.8097999999999997,0.009717600000000418
223669,2L7XoMoqLCLwj1uGORUE_U,IfcWall,Basic Wall,W-Skirting (100mm),First Floor,Tile,Flooring finished with 12mm thick ceramic tiles,0.09200000000000011,0.0011039999999999993
223727,2L7XoMoqLCLwj1uGORUE_P,IfcWall,Basic Wall,W-Skirting (100mm),First Floor,Tile,Flooring finished with 12mm thick ceramic tiles,0.15740000000000015,0.0018888000000000832
223785,2L7XoMoqLCLwj1uGORUE_O,IfcWall,Basic Wall,W-Skirting (100mm),First Floor,Tile,Flooring finished with 12mm thick ceramic tiles,0.09199999999999849,0.001103999999999988
223843,2L7XoMoqLCLwj1uGORUE_R,IfcWall,Basic Wall,W-Skirting (100mm),First Floor,Tile,Flooring finished with 12mm thick ceramic tiles,0.9695999999999999,0.011635200000000505
223901,2L7XoMoqLCLwj1uGORUE_Q,IfcWall,Basic Wall,W-Skirting (100mm),First Floor,Tile,Flooring finished with 12mm thick ceramic tiles,0.6629333333333356,0.007955199999999654
223959,2L7XoMoqLCLwj1uGORUE$b,IfcWall,Basic Wall,W-Skirting (100mm),First Floor,Tile,Flooring finished with 12mm thick ceramic tiles,0.4830000000000018,0.005795999999999751
224017,2L7XoMoqLCLwj1uGORUE$a,IfcWall,Basic Wall,W-Skirting (100mm),First Floor,Tile,Flooring finished with 12mm thick ceramic tiles,0.30306666666666904,0.003636800000000186
224075,2L7XoMoqLCLwj1uGORUE$d,IfcWall,Basic Wall,W-Skirting (100mm),First Floor,Tile,Flooring finished with 12mm thick ceramic tiles,0.4835999999999994,0.00580319999999972
224133,2L7XoMoqLCLwj1uGORUE$c,IfcWall,Basic Wall,W-Skirting (100mm),First Floor,Tile,Flooring finished with 12mm thick ceramic tiles,0.026600000000000235,0.00031919999999998786
224191,2L7XoMoqLCLwj1uGORUE$X,IfcWall,Basic Wall,W-Skirting (100mm),First Floor,Tile,Flooring finished with 12mm thick ceramic tiles,0.9436000000000008,0.011323199999999476
224249,2L7XoMoqLCLwj1uGORUE$W,IfcWall,Basic Wall,W-Skirting (100mm),First Floor,Tile,Flooring finished with 12mm thick ceramic tiles,0.8857333333333299,0.010628800000000022
224307,2L7XoMoqLCLwj1uGORUE$Z,IfcWall,Basic Wall,W-Skirting (100mm),First Floor,Tile,Flooring finished with 12mm thick ceramic tiles,0.9429999999999971,0.011316000000001478
224365,2L7XoMoqLCLwj1uGORUE$Y,IfcWall,Basic Wall,W-Skirting (100mm),First Floor,Tile,Flooring finished with 12mm thick ceramic tiles,0.6363333333333325,0.007635999999999633
224423,2L7XoMoqLCLwj1uGORUE$j,IfcWall,Basic Wall,W-Skirting (100mm),First Floor,Tile,Flooring finished with 12mm thick ceramic tiles,0.24173333333333907,0.0029008000000002813
224481,2L7XoMoqLCLwj1uGORUE$i,IfcWall,Basic Wall,W-Skirting (100mm),First Floor,Tile,Flooring finished with 12mm thick ceramic tiles,2.391999999999999,0.028703999999998644
224539,2L7XoMoqLCLwj1uGORUE$l,IfcWall,Basic Wall,W-Skirting (100mm),First Floor,Tile,Flooring finished with 12mm thick ceramic tiles,0.9429999999999459,0.011315999999999672
224597,2L7XoMoqLCLwj1uGORUE$k,IfcWall,Basic Wall,W-Skirting (100mm),First Floor,Tile,Flooring finished with 12mm thick ceramic tiles,1.192400000000002,0.014308800000001936
224655,2L7XoMoqLCLwj1uGORUE$f,IfcWall,Basic Wall,W-Skirting (100mm),First Floor,Tile,Flooring finished with 12mm thick ceramic tiles,0.9429999999999333,0.011315999999999861
224713,2L7XoMoqLCLwj1uGORUE$e,IfcWall,Basic Wall,W-Skirting (100mm),First Floor,Tile,Flooring finished with 12mm thick ceramic tiles,2.3919999999999955,0.0287039999999986
224771,2L7XoMoqLCLwj1uGORUE$h,IfcWall,Basic Wall,W-Skirting (100mm),First Floor,Tile,Flooring finished with 12mm thick ceramic tiles,0.24173333333333386,0.002900800000000394
224829,2L7XoMoqLCLwj1uGORUE$g,IfcWall,Basic Wall,W-Skirting (100mm),First Floor,Tile,Flooring finished with 12mm thick ceramic tiles,0.6363333333333286,0.007635999999999585
224887,2L7XoMoqLCLwj1uGORUE$r,IfcWall,Basic Wall,W-Skirting (100mm),First Floor,Tile,Flooring finished with 12mm thick ceramic tiles,0.9430000000000002,0.011316000000001514
224945,2L7XoMoqLCLwj1uGORUE$q,IfcWall,Basic Wall,W-Skirting (100mm),First Floor,Tile,Flooring finished with 12mm thick ceramic tiles,0.885733333333336,0.010628799999999937
225003,2L7XoMoqLCLwj1uGORUE$t,IfcWall,Basic Wall,W-Skirting (100mm),First Floor,Tile,Flooring finished with 12mm thick ceramic tiles,0.9435999999999958,0.011323199999999417
225061,2L7XoMoqLCLwj1uGORUE$s,IfcWall,Basic Wall,W-Skirting (100mm),First Floor,Tile,Flooring finished with 12mm thick ceramic tiles,0.026600000000000235,0.00031919999999998786
225119,2L7XoMoqLCLwj1uGORUE$n,IfcWall,Basic Wall,W-Skirting (100mm),First Floor,Tile,Flooring finished with 12mm thick ceramic tiles,0.4836000000000005,0.005803199999999733
225177,2L7XoMoqLCLwj1uGORUE$m,IfcWall,Basic Wall,W-Skirting (100mm),First Floor,Tile,Flooring finished with 12mm thick ceramic tiles,0.3030666666666667,0.003636800000000158
225235,2L7XoMoqLCLwj1uGORUE$p,IfcWall,Basic Wall,W-Skirting (100mm),First Floor,Tile,Flooring finished with 12mm thick ceramic tiles,0.48299999999999715,0.005795999999999693
225293,2L7XoMoqLCLwj1uGORUE$o,IfcWall,Basic Wall,W-Skirting (100mm),First Floor,Tile,Flooring finished with 12mm thick ceramic tiles,0.6629333333333287,0.00795519999999957
225351,2L7XoMoqLCLwj1uGORUE$z,IfcWall,Basic Wall,W-Skirting (100mm),First Floor,Tile,Flooring finished with 12mm thick ceramic tiles,0.9695999999999987,0.011635199999999965
225409,2L7XoMoqLCLwj1uGORUE$y,IfcWall,Basic Wall,W-Skirting (100mm),First Floor,Tile,Flooring finished with 12mm thick ceramic tiles,0.0920000000000036,0.0011040000000000416
225467,2L7XoMoqLCLwj1uGORUE$$,IfcWall,Basic Wall,W-Skirting (100mm),First Floor,Tile,Flooring finished with 12mm thick ceramic tiles,0.15740000000000146,0.0018888000000000993
225525,2L7XoMoqLCLwj1uGORUE$_,IfcWall,Basic Wall,W-Skirting (100mm),First Floor,Tile,Flooring finished with 12mm thick ceramic tiles,0.09200000000000351,0.0011040000000000485
225583,2L7XoMoqLCLwj1uGORUE$v,IfcWall,Basic Wall,W-Skirting (100mm),First Floor,Tile,Flooring finished with 12mm thick ceramic tiles,0.808599999999992,0.009703199999999523
225641,2L7XoMoqLCLwj1uGORUE$u,IfcWall,Basic Wall,W-Skirting (100mm),First Floor,Tile,Flooring finished with 12mm thick ceramic tiles,2.6373333333333324,0.031648000000001356
225699,2L7XoMoqLCLwj1uGORUE$x,IfcWall,Basic Wall,W-Skirting (100mm),First Floor,Tile,Flooring finished with 12mm thick ceramic tiles,0.4257333333333342,0.005108800000000999
225757,2L7XoMoqLCLwj1uGORUE$w,IfcWall,Basic Wall,W-Skirting (100mm),First Floor,Tile,Flooring finished with 12mm thick ceramic tiles,6.221733333333336,0.07466079999999653
225815,2L7XoMoqLCLwj1uGORUE$5,IfcWall,Basic Wall,W-Skirting (100mm),First Floor,Tile,Flooring finished with 12mm thick ceramic tiles,0.4257333333333229,0.005108800000000556
225873,2L7XoMoqLCLwj1uGORUE$4,IfcWall,Basic Wall,W-Skirting (100mm),First Floor,Tile,Flooring finished with 12mm thick ceramic tiles,2.6361333333333365,0.031633600000001406
